fixed_axis,fixed_value,L1,L2,x,err
q,0.0,8,12,0.1683573218811779,0.0012031155202896565
q,0.0,12,16,0.16798792871892237,0.0024029592698933218
q,0.0,16,24,0.16538122037228176,0.0009253908543574948
q,0.0,24,32,0.16651516428474758,0.0020772637357245913
q,0.0,32,48,0.1645538307188946,0.0013061386172743938
q,0.0,48,64,0.16379307728566236,0.001529587320474635
q,0.0,8,16,0.16823907255937806,0.0007231257218547432
q,0.0,12,24,0.16514462110937891,0.0006338595732740568
q,0.0,16,32,0.16516879920459893,0.0006366193076387101
q,0.0,24,48,0.1646329927988888,0.000935489214201793
q,0.0,32,64,0.1641105602910181,0.0005019744363903477
q,0.1,8,12,0.17731287329689113,0.001429139979666968
q,0.1,12,16,0.17377618836317674,0.002391563302216318
q,0.1,16,24,0.17623802387959475,0.0012385958584295786
q,0.1,24,32,0.17374100514680213,0.0012296957172141273
q,0.1,32,48,0.1728720017214529,0.0013198703644496377
q,0.1,8,16,0.17694621184264986,0.0007301899934641743
q,0.1,12,24,0.1752850657022951,0.0009080909900461028
q,0.1,16,32,0.17535209209989447,0.0009570221581265036
q,0.1,24,48,0.17320737763011487,0.0005684664321879205
q,0.2,8,12,0.18774754173308536,0.0017873633796652382
q,0.2,12,16,0.191191115128286,0.00361813392964648
q,0.2,16,24,0.18647873878864404,0.001023582952466901
q,0.2,24,32,0.1830568693121784,0.0021469307285712715
q,0.2,32,48,0.1861693445701842,0.0009440605990500227
q,0.2,8,16,0.18903288978976887,0.0013699291314520237
q,0.2,12,24,0.18765309717247974,0.0010926365186073753
q,0.2,16,32,0.18514053693991084,0.0008790960062905833
q,0.2,24,48,0.18514284571441822,0.0008820606897754045
q,0.3,8,12,0.20544543302477003,0.003346316345526397
q,0.3,12,16,0.20186447776900882,0.00196538320614813
q,0.3,16,24,0.2001056147471853,0.0024040671470801434
q,0.3,24,32,0.19769656863156904,0.001806747391314704
q,0.3,32,48,0.1964639709108752,0.0019885127747398057
q,0.3,8,16,0.20308318294133418,0.001725160403510418
q,0.3,12,24,0.2001345985585291,0.0007361807532938484
q,0.3,16,32,0.1977727063514371,0.0015996812713051838
q,0.3,24,48,0.1970131268939403,0.0011115404776081861
q,0.4,8,12,0.22330085313601078,0.003400719291952814
q,0.4,12,16,0.21591034046162366,0.002494223627706709
q,0.4,16,24,0.2185665298979434,0.002123491779056422
q,0.4,24,32,0.21364902149513715,0.0024241837327892
q,0.4,32,48,0.21178947505180756,0.0017297443845865838
q,0.4,48,64,0.21595786526336622,0.002981814108021847
q,0.4,8,16,0.2233042809142447,0.002090224941619148
q,0.4,12,24,0.2170335716065218,0.0009016314175096062
q,0.4,16,32,0.2151214027678015,0.0016650371030342613
q,0.4,24,48,0.21232878881140346,0.0012943296411690136
q,0.4,32,64,0.21292775337331551,0.0009475551523273851
q,0.5,8,12,0.2433139257045225,0.001676128913081589
q,0.5,12,16,0.23811236808386185,0.0024914109936156163
q,0.5,16,24,0.23505197567905123,0.0018987122246144235
q,0.5,24,32,0.23955254116839234,0.0029655287614044137
q,0.5,32,48,0.2317414827132793,0.001617199391160067
q,0.5,8,16,0.24186897576981267,0.0008894009387258344
q,0.5,12,24,0.23633216249398697,0.0011591639486831149
q,0.5,16,32,0.23567539145361774,0.0020454799142346457
q,0.5,24,48,0.23428152709704542,0.000836283996730726
q,0.6,8,12,0.27429700725436984,0.002959329984084368
q,0.6,12,16,0.26467692839554596,0.0034325855420449213
q,0.6,16,24,0.26183065787123355,0.001696127293784151
q,0.6,24,32,0.2641591242489383,0.0038642585905875665
q,0.6,32,48,0.25916490394767205,0.0027181726305600135
q,0.6,8,16,0.2676668448868133,0.0020694725480427754
q,0.6,12,24,0.26266720529038784,0.000838572524675806
q,0.6,16,32,0.2625261374333515,0.0013860301076859512
q,0.6,24,48,0.26147782745377823,0.0021097378313687377
q,0.7,8,12,0.3196909093592288,0.005026522988517842
q,0.7,12,16,0.30210331877407776,0.00471399035596153
q,0.7,16,24,0.30183876051605585,0.00221776957399851
q,0.7,24,32,0.3011118172459342,0.0024755745756324652
q,0.7,32,48,0.30099924015625174,0.002265186849275143
q,0.7,48,64,0.2954236953840354,0.0015527990757205278
q,0.7,8,16,0.31940922680468364,0.0036122878975330826
q,0.7,12,24,0.30495855573825725,0.002250826964300681
q,0.7,16,32,0.303054723567818,0.001352622633968986
q,0.7,24,48,0.3017965317545458,0.0021274185471000548
q,0.7,32,64,0.29782457892693676,0.0008213600098381052
q,0.8,8,12,0.41360286659293793,0.008333134702000066
q,0.8,12,16,0.38246621127256936,0.003977670200542636
q,0.8,16,24,0.37547971993877305,0.0026825989759663924
q,0.8,24,32,0.375200635798506,0.002712591983463887
q,0.8,32,48,0.3669979838883368,0.0035684261050207096
q,0.8,48,64,0.36591676310030236,0.004983719462430477
q,0.8,8,16,0.39861251996520186,0.005057651364785525
q,0.8,12,24,0.3802164117850911,0.003004284561757665
q,0.8,16,32,0.37643366343472745,0.002295303915944132
q,0.8,24,48,0.3682150352214857,0.0011677759684346025
q,0.8,32,64,0.3683711318842623,0.0021017252943149943
p,0.25,8,12,0.5337324131860414,0.00803879334011511
p,0.25,12,16,0.5320893829739085,0.010881780512570532
p,0.25,16,24,0.5665823770963443,0.007190127711264915
p,0.25,24,32,0.5572581300025481,0.015492383734688408
p,0.25,32,48,0.565160692208788,0.006013196643563116
p,0.25,8,16,0.5329166096461592,0.004715889779257217
p,0.25,12,24,0.5499270978861662,0.0036096555842540395
p,0.25,16,32,0.5610840616991362,0.006451398987273943
p,0.25,24,48,0.5661285451532443,0.0035090518520230992
p,0.3,8,12,0.6569851540053292,0.007255123436092015
p,0.3,12,16,0.6821057293556488,0.00809186305675149
p,0.3,16,24,0.6942184701022786,0.002786678017944359
p,0.3,24,32,0.6940182801306661,0.005597883261337221
p,0.3,32,48,0.6979073138433464,0.0025519110420338283
p,0.3,48,64,0.7085434829641521,0.004627301701726965
p,0.3,8,16,0.6664487465431257,0.00707351626168431
p,0.3,12,24,0.6920574736443569,0.002604027170233854
p,0.3,16,32,0.6979863959071047,0.0025728564048497753
p,0.3,24,48,0.7014872368960323,0.0024607992219094167
p,0.3,32,64,0.7050103958457612,0.0018058063633553884
p,0.35,8,12,0.7381861123480459,0.004365397081665115
p,0.35,12,16,0.7775209372787759,0.006321168333417888
p,0.35,16,24,0.7644548480150511,0.005777014676477738
p,0.35,24,32,0.7793956322637432,0.004060271791474239
p,0.35,32,48,0.7828521239327872,0.0019578655254855167
p,0.35,48,64,0.788158406468209,0.005266090943306942
p,0.35,8,16,0.7559953867093261,0.002994299005369987
p,0.35,12,24,0.7697133647217798,0.0020149819659853
p,0.35,16,32,0.7723630697911172,0.0027187579449838542
p,0.35,24,48,0.7814406368350835,0.0014506286268668978
p,0.35,32,64,0.7829261887137198,0.0014795150107114734
p,0.4,8,12,0.7928211706249271,0.0037016791058720696
p,0.4,12,16,0.8040049278645174,0.003017597609858399
p,0.4,16,24,0.8184688265221575,0.004440433657579042
p,0.4,24,32,0.824090531893818,0.0029207538597097816
p,0.4,32,48,0.8260762818689267,0.002146607697373823
p,0.4,48,64,0.8298006506458417,0.0030432289456309813
p,0.4,8,16,0.8003732499652745,0.002038101206074779
p,0.4,12,24,0.8138301527927763,0.0011611060837532852
p,0.4,16,32,0.822113172838668,0.0016358799568115916
p,0.4,24,48,0.8251976391889312,0.0010819039698217446
p,0.4,32,64,0.827825061208102,0.0010074096161951786
p,0.45,8,12,0.8230771822266201,0.0038815666834907045
p,0.45,12,16,0.8329840648578236,0.00500349914433107
p,0.45,16,24,0.8441429302739634,0.0022653228853033057
p,0.45,24,32,0.8493112479235122,0.002957187483493969
p,0.45,32,48,0.855468389925593,0.0021951260464966845
p,0.45,48,64,0.8512559790557651,0.0035772936337520322
p,0.45,8,16,0.8279802174619811,0.0017386471531661595
p,0.45,12,24,0.8430623573943556,0.001865657927608109
p,0.45,16,32,0.8474735519196808,0.0020204433031274535
p,0.45,24,48,0.8520989161832251,0.0012507027904650094
p,0.45,32,64,0.8543588526346939,0.001227130382418077
p,0.475,16,24,0.8519090061491231,0.002284402886094325
p,0.475,24,32,0.8624789222937363,0.0029326657546371276
p,0.475,32,48,0.8598609336707885,0.002368743771926098
p,0.475,48,64,0.8618997454018731,0.0020153920632474333
p,0.475,16,32,0.8561776631407562,0.0022821450997944377
p,0.475,24,48,0.8601230045035047,0.0016821849099920578
p,0.475,32,64,0.8608809724000118,0.0011717277815605715
p,0.5,8,12,0.8352183587178142,0.003998040752953621
p,0.5,12,16,0.8478439485022892,0.010489097054670868
p,0.5,16,24,0.8585078600783637,0.0022736020382214256
p,0.5,24,32,0.8595479065369211,0.004873653228742253
p,0.5,32,48,0.8658243193907073,0.0026211739967120303
p,0.5,48,64,0.8710125349902995,0.0022661753521627365
p,0.5,8,16,0.8408324375744386,0.0017997982139526458
p,0.5,12,24,0.8552963583947154,0.0028033685559927814
p,0.5,16,32,0.859108147929488,0.0011616757645202883
p,0.5,24,48,0.8644562898622395,0.0019523312300284866
p,0.5,32,64,0.8674682535170672,0.0010151177474588757
