L,method,n,median_ms,p95_ms
5,bp_matching,1600,0.7588955340906978,1.4514443231746545
5,configuration_map,1600,1.0411249822936952,1.976295234635472
5,planar_ml,1600,4.7057499759830534,11.311089672381057
5,transfer_ml,1600,4.154312016908079,9.246376750525087
5,mps_ml,1600,3.4955210285261273,4.960364563157782
9,bp_matching,1600,2.025082998443395,4.273216344881802
9,configuration_map,1600,6.193771027028561,12.94020971399732
9,planar_ml,1600,26.245166489388794,31.83243095409125
9,transfer_ml,1600,47.60018747765571,75.75616465182975
9,mps_ml,1600,15.20087500102818,24.213730997871608
