L,p,q,shots,failures,invalid,distance,ler,ci_low,ci_high
8,0.1,0.0,3000,50,0,15,0.016666666666666666,0.012665148121147283,0.02190440564666782
8,0.14,0.0,3000,350,0,15,0.11666666666666667,0.10566633994680576,0.12864744407594417
8,0.145,0.0,3000,423,0,15,0.141,0.12900504479605657,0.15391316858872744
8,0.15,0.0,3000,510,0,15,0.17,0.15698239002154446,0.1838616501371707
8,0.15,0.5,3000,121,0,15,0.04033333333333333,0.03386105069778884,0.04798130423036084
8,0.155,0.0,3000,535,0,15,0.17833333333333334,0.16504945506000362,0.1924399376199561
8,0.155,0.1,3000,471,0,15,0.157,0.14442137515397485,0.17045591507159874
8,0.16,0.0,3000,623,0,15,0.20766666666666667,0.19352972437282745,0.22255130918191313
8,0.16,0.1,3000,505,0,15,0.16833333333333333,0.15537035766425142,0.18214461199021478
8,0.165,0.0,3000,682,0,15,0.22733333333333333,0.212690199497621,0.24267386600725674
8,0.165,0.1,3000,599,0,15,0.19966666666666666,0.18575013910630944,0.21435135602803634
8,0.165,0.2,3000,482,0,15,0.16066666666666668,0.1479611872582543,0.17424005807666693
8,0.17,0.0,3000,726,0,15,0.242,0.22701015977609199,0.25764972616617615
8,0.17,0.1,3000,639,0,15,0.213,0.1987208901136196,0.22801316905471747
8,0.17,0.2,3000,531,0,15,0.177,0.1637579666024505,0.19106816967411006
8,0.175,0.0,3000,805,0,15,0.2683333333333333,0.25278141852509484,0.2844777813843061
8,0.175,0.1,3000,705,0,15,0.235,0.2201724886352782,0.2505053011891445
8,0.175,0.2,3000,568,0,15,0.18933333333333333,0.17571479854362831,0.2037464594643742
8,0.175,0.3,3000,432,0,15,0.144,0.13189170058240915,0.15701883971002292
8,0.18,0.0,3000,884,0,15,0.2946666666666667,0.27862396334343575,0.3112345505330981
8,0.18,0.1,3000,799,0,15,0.2663333333333333,0.25082152215550185,0.28244279314880044
8,0.18,0.2,3000,642,0,15,0.214,0.19969464837075346,0.229036853100133
8,0.18,0.3,3000,542,0,15,0.18066666666666667,0.1673102384283093,0.1948398529575989
8,0.185,0.2,3000,682,0,15,0.22733333333333333,0.212690199497621,0.24267386600725674
8,0.185,0.3,3000,546,0,15,0.182,0.1686024982043699,0.1962108495849374
8,0.185,0.4,3000,419,0,15,0.13966666666666666,0.1277226944023648,0.1525322625790201
8,0.19,0.2,3000,809,0,15,0.26966666666666667,0.2540882442528993,0.28583421205990084
8,0.19,0.3,3000,632,0,15,0.21066666666666667,0.19644929412654577,0.22562406633584287
8,0.19,0.4,3000,479,0,15,0.15966666666666668,0.1469955410913387,0.1732082619410332
8,0.195,0.3,3000,676,0,15,0.22533333333333333,0.21073945941848046,0.2406297214812986
8,0.195,0.4,3000,498,0,15,0.166,0.15311430791425504,0.17973996303426273
8,0.2,0.3,3000,747,0,15,0.249,0.23385339690464071,0.26478858515547293
8,0.2,0.4,3000,572,0,15,0.19066666666666668,0.17700881160928228,0.20511570280211938
8,0.2,0.5,3000,404,0,15,0.13466666666666666,0.1229173055899808,0.1473504398786573
8,0.205,0.4,3000,636,0,15,0.212,0.1977472618301436,0.22698935503564413
8,0.205,0.5,3000,467,0,15,0.15566666666666668,0.14313478417443903,0.16907924964773546
8,0.21,0.4,3000,680,0,15,0.22666666666666666,0.21203989871945877,0.24199253858371939
8,0.21,0.5,3000,518,0,15,0.17266666666666666,0.15956261147016343,0.18660794149534993
8,0.215,0.5,3000,578,0,15,0.19266666666666668,0.17895032096655952,0.20716907804994086
8,0.22,0.5,3000,595,0,15,0.19833333333333333,0.18445439974566122,0.21298383898528542
8,0.22,0.6,3000,408,0,15,0.136,0.12419820572712538,0.14873279614491194
8,0.225,0.5,3000,644,0,15,0.21466666666666667,0.20034389242236128,0.22971923725022475
8,0.23,0.5,3000,702,0,15,0.234,0.21919614262289566,0.24948420489897777
8,0.23,0.6,3000,493,0,15,0.16433333333333333,0.1515034197904832,0.1780217806537856
8,0.24,0.6,3000,575,0,15,0.19166666666666668,0.17797949316558398,0.20614246354836707
8,0.25,0.6,3000,652,0,15,0.21733333333333332,0.2029414394813569,0.23244820299802738
8,0.25,0.7,3000,450,0,15,0.15,0.1376705255739948,0.16322466853373332
8,0.25,0.8,3000,261,0,15,0.087,0.07743563308366241,0.09762069596345682
8,0.26,0.6,3000,701,0,15,0.23366666666666666,0.2188707200531464,0.24914381336787722
8,0.265,0.7,3000,528,0,15,0.176,0.16278953722806536,0.19003915674594582
8,0.27,0.5,3000,1006,0,15,0.3353333333333333,0.31865959295294644,0.3524282412272609
8,0.28,0.7,3000,659,0,15,0.21966666666666668,0.20521503535331553,0.23483530583201723
8,0.28,0.75,3000,541,0,15,0.18033333333333335,0.166987216883172,0.19449706040188644
8,0.295,0.7,3000,752,0,15,0.25066666666666665,0.235483541829078,0.2664875107352845
8,0.295,0.75,3000,567,0,15,0.189,0.17539133639121252,0.20340410751594024
8,0.31,0.7,3000,839,0,15,0.2796666666666667,0.26389516609405866,0.296001713244235
8,0.31,0.75,3000,679,0,15,0.22633333333333333,0.21171476858066965,0.24165185462165875
8,0.315,0.8,3000,551,0,15,0.18366666666666667,0.17021821074422575,0.19792420754933046
8,0.325,0.75,3000,786,0,15,0.262,0.24657650178071988,0.2780322302125353
8,0.335,0.8,3000,628,0,15,0.20933333333333334,0.19515156029143926,0.22425854376755022
8,0.34,0.75,3000,837,0,15,0.279,0.26324106055893154,0.2953241905776626
8,0.345,0.825,3000,624,0,15,0.208,0.19385406196266958,0.22289278569292076
8,0.35,0.9,3000,347,0,15,0.11566666666666667,0.10471036265529521,0.12760597906490534
8,0.355,0.8,3000,749,0,15,0.24966666666666668,0.23450541820704285,0.2654681920547704
8,0.37,0.825,3000,685,0,15,0.22833333333333333,0.21366575160276177,0.24369575620466535
8,0.375,0.8,3000,822,0,15,0.274,0.2583366771536046,0.29024136247024274
8,0.38,0.85,3000,660,0,15,0.22,0.2055398908152632,0.23517626447091933
8,0.395,0.8,3000,917,0,15,0.30566666666666664,0.2894386106341932,0.32239176857038343
8,0.395,0.825,3000,805,0,15,0.2683333333333333,0.25278141852509484,0.2844777813843061
8,0.4,0.875,3000,582,0,15,0.194,0.18024498403168987,0.2085376713882096
8,0.4,0.9,3000,484,0,15,0.16133333333333333,0.1486050514585751,0.17492782207804564
8,0.405,0.85,3000,727,0,15,0.24233333333333335,0.22733590329648795,0.25798979674663003
8,0.42,0.825,3000,902,0,15,0.3006666666666667,0.2845214718634842,0.3173216958283458
8,0.425,0.875,3000,674,0,15,0.22466666666666665,0.2100893212346295,0.23994823146344998
8,0.43,0.85,3000,837,0,15,0.279,0.26324106055893154,0.2953241905776626
8,0.445,0.825,3000,945,0,15,0.315,0.29862335261740114,0.3318498214109694
8,0.45,0.8,3000,1084,0,15,0.36133333333333334,0.34433063917398693,0.37869069487250345
8,0.45,0.875,3000,740,0,15,0.24666666666666667,0.2315717094237292,0.26240957393043596
8,0.45,0.9,3000,653,0,15,0.21766666666666667,0.20326619669139961,0.23278925988883448
8,0.455,0.85,3000,889,0,15,0.29633333333333334,0.28026182253186926,0.3129257618489135
8,0.475,0.875,3000,830,0,15,0.27666666666666667,0.26095203804170264,0.292952514388943
8,0.48,0.85,3000,870,0,15,0.29,0.2740393538134703,0.3064977626511666
8,0.5,0.65,3000,1456,0,15,0.48533333333333334,0.4674792769482451,0.5032249026143645
8,0.5,0.8,3000,1134,0,15,0.378,0.3608152543075689,0.3954967847814106
8,0.5,0.825,3000,1060,0,15,0.35333333333333333,0.3364259305787782,0.3706158650473174
8,0.5,0.85,6000,1790,0,15,0.29833333333333334,0.28688854470903025,0.31003618813104217
8,0.5,0.8625,3000,849,0,15,0.283,0.2671663498923683,0.2993886704544231
8,0.5,0.875,6000,1625,0,15,0.2708333333333333,0.25973818682380384,0.28222173685809665
8,0.5,0.8875,3000,665,0,15,0.22166666666666668,0.2071643768367322,0.2368808489536993
8,0.5,0.9,6000,1291,0,15,0.21516666666666667,0.20495266916952584,0.2257451559740146
8,0.5,0.925,3000,501,0,15,0.167,0.15408107191785353,0.18077064133321358
8,0.5,0.95,3000,353,0,15,0.11766666666666667,0.10662258639702532,0.12968863992827392
8,0.5,1.0,3000,109,0,15,0.036333333333333336,0.030208539096929325,0.043644046621022954
16,0.1,0.0,3000,8,0,31,0.0026666666666666666,0.0013518647401935516,0.005253496791930672
16,0.14,0.0,3000,218,0,31,0.07266666666666667,0.0639139441388719,0.0825123785717067
16,0.145,0.0,3000,307,0,31,0.10233333333333333,0.09199130196255789,0.11369247572365135
16,0.15,0.0,7000,924,0,31,0.132,0.12427194420114286,0.1401317362231863
16,0.15,0.5,3000,15,0,31,0.005,0.0030324533483749197,0.008233606889697783
16,0.155,0.0,7000,1112,0,31,0.15885714285714286,0.1504813322585736,0.1676071727310607
16,0.155,0.1,3000,394,0,31,0.13133333333333333,0.11971680828338488,0.14389279617675543
16,0.16,0.0,7000,1460,0,31,0.20857142857142857,0.19921483175268506,0.21824771019825884
16,0.16,0.1,3000,459,0,31,0.153,0.1405626033953825,0.16632491761999368
16,0.165,0.0,7000,1718,0,31,0.24542857142857144,0.2354888061407751,0.2556475907987259
16,0.165,0.1,3000,477,0,31,0.159,0.14635187765946336,0.17252029717120895
16,0.165,0.2,3000,360,0,31,0.12,0.10885485831348496,0.13211706671776274
16,0.17,0.0,7000,1972,0,31,0.2817142857142857,0.2712983681796811,0.29236965343847676
16,0.17,0.1,3000,591,0,31,0.197,0.18315891048578475,0.2116160718417628
16,0.17,0.2,3000,455,0,31,0.15166666666666667,0.13927702070005177,0.16494724391192533
16,0.175,0.0,3000,936,0,31,0.312,0.2956702589422307,0.3288105881784919
16,0.175,0.1,3000,691,0,31,0.23033333333333333,0.21561721714337959,0.2457391752691462
16,0.175,0.2,3000,567,0,31,0.189,0.17539133639121252,0.20340410751594024
16,0.175,0.3,3000,347,0,31,0.11566666666666667,0.10471036265529521,0.12760597906490534
16,0.18,0.0,3000,998,0,31,0.33266666666666667,0.3160298553028137,0.34973146607059535
16,0.18,0.1,3000,854,0,31,0.2846666666666667,0.2688023493714059,0.3010817414796345
16,0.18,0.2,3000,638,0,31,0.21266666666666667,0.1983963328780061,0.2276719121894812
16,0.18,0.3,3000,436,0,31,0.14533333333333334,0.13317525647560452,0.1583985402202267
16,0.185,0.2,3000,718,0,31,0.23933333333333334,0.22440466739344644,0.2549287057420235
16,0.185,0.3,3000,545,0,31,0.18166666666666667,0.16827940729540855,0.19586812639304899
16,0.185,0.4,3000,287,0,31,0.09566666666666666,0.08565253698168951,0.10671495868752406
16,0.19,0.2,3000,825,0,31,0.275,0.2593173540087828,0.2912581279176139
16,0.19,0.3,3000,587,0,31,0.19566666666666666,0.18186367323724703,0.21024805268690136
16,0.19,0.4,3000,375,0,31,0.125,0.11364301197128066,0.13731612457271383
16,0.195,0.3,3000,694,0,31,0.23133333333333334,0.2165931294774888,0.24676070523758634
16,0.195,0.4,3000,442,0,31,0.14733333333333334,0.13510126760973423,0.16046741369119571
16,0.2,0.3,3000,738,0,31,0.246,0.23091990985744434,0.26172974529502124
16,0.2,0.4,3000,551,0,31,0.18366666666666667,0.17021821074422575,0.19792420754933046
16,0.2,0.5,3000,314,0,31,0.10466666666666667,0.09421329180776727,0.11613118458439045
16,0.205,0.4,3000,597,0,31,0.199,0.18510223828152944,0.21366762865111683
16,0.205,0.5,3000,400,0,31,0.13333333333333333,0.12163680361831758,0.14596768544692146
16,0.21,0.4,3000,673,0,31,0.22433333333333333,0.20976427258415314,0.23960746601307653
16,0.21,0.5,7000,1007,0,31,0.14385714285714285,0.135831162717155,0.15227379663760138
16,0.215,0.5,7000,1090,0,31,0.15571428571428572,0.14740943233007162,0.1643968059551121
16,0.22,0.5,7000,1295,0,31,0.185,0.17607734635382769,0.19426819531373665
16,0.22,0.6,3000,293,0,31,0.09766666666666667,0.08755259790803623,0.10880978236627604
16,0.225,0.5,7000,1476,0,31,0.21085714285714285,0.2014611484601789,0.2205703147303654
16,0.23,0.5,7000,1673,0,31,0.239,0.2291542954221243,0.24913201053100043
16,0.23,0.6,3000,416,0,31,0.13866666666666666,0.12676118093844366,0.15149633374039187
16,0.24,0.6,3000,515,0,31,0.17166666666666666,0.1585948896494907,0.18557822101347332
16,0.25,0.6,3000,615,0,31,0.205,0.19093556046018786,0.2198189602877544
16,0.25,0.7,3000,277,0,31,0.09233333333333334,0.08248889653771861,0.10322045812299714
16,0.25,0.8,3000,103,0,31,0.034333333333333334,0.02839017317686661,0.04146752793598697
16,0.26,0.6,3000,786,0,31,0.262,0.24657650178071988,0.2780322302125353
16,0.265,0.7,3000,395,0,31,0.13166666666666665,0.12003674376603819,0.14423867479495187
16,0.27,0.5,3000,1167,0,31,0.389,0.3717070551162926,0.40657684930072974
16,0.28,0.7,3000,615,0,31,0.205,0.19093556046018786,0.2198189602877544
16,0.28,0.75,3000,396,0,31,0.132,0.1203567048534542,0.14458452780838568
16,0.295,0.7,3000,746,0,31,0.24866666666666667,0.23352740463615018,0.2644487633231137
16,0.295,0.75,3000,501,0,31,0.167,0.15408107191785353,0.18077064133321358
16,0.31,0.7,3000,911,0,31,0.30366666666666664,0.2874714794802834,0.32036401511919455
16,0.31,0.75,3000,660,0,31,0.22,0.2055398908152632,0.23517626447091933
16,0.315,0.8,3000,455,0,31,0.15166666666666667,0.13927702070005177,0.16494724391192533
16,0.325,0.75,3000,734,0,31,0.24466666666666667,0.22961645979168055,0.2603699389573859
16,0.335,0.8,7000,1433,0,31,0.2047142857142857,0.19542520848369582,0.2143272788754223
16,0.34,0.75,3000,933,0,31,0.311,0.2946860735757055,0.32779733124246774
16,0.345,0.8,4000,864,0,31,0.216,0.20352296383146531,0.22902199995708514
16,0.345,0.825,3000,486,0,31,0.162,0.1492489952633077,0.17561550647501267
16,0.35,0.9,3000,153,0,31,0.051,0.04368593909682877,0.05946246705851394
16,0.355,0.8,7000,1717,0,31,0.24528571428571427,0.23534800597637265,0.25550283338565327
16,0.355,0.825,4000,725,0,31,0.18125,0.16961959984235953,0.19349204525482516
16,0.365,0.8,4000,1053,0,31,0.26325,0.24983401503027955,0.2771202813673941
16,0.365,0.825,4000,869,0,31,0.21725,0.20474516172737842,0.23029740345294777
16,0.37,0.825,3000,666,0,31,0.222,0.20748931562593792,0.23722172426534333
16,0.375,0.8,7000,1965,0,31,0.2807142857142857,0.27031030641276405,0.29135881216306864
16,0.375,0.825,4000,958,0,31,0.2395,0.22652816397539116,0.2529717059785433
16,0.38,0.85,7000,1331,0,31,0.19014285714285714,0.18112105307209492,0.1995045613845704
16,0.385,0.825,4000,1022,0,31,0.2555,0.24222310386528964,0.26924606390337447
16,0.39,0.85,4000,791,0,31,0.19775,0.18569920910372295,0.21038077436490166
16,0.395,0.8,3000,965,0,31,0.32166666666666666,0.30518864375704313,0.33860081228832306
16,0.395,0.825,3000,803,0,31,0.26766666666666666,0.25212807399782355,0.2837994977098779
16,0.4,0.85,4000,898,0,31,0.2245,0.2118372733874039,0.23769137986522162
16,0.4,0.875,3000,471,0,31,0.157,0.14442137515397485,0.17045591507159874
16,0.4,0.9,3000,304,0,31,0.10133333333333333,0.09103955032769631,0.11264678505596357
16,0.405,0.85,3000,675,0,31,0.225,0.2104143835198956,0.2402889832790337
16,0.41,0.85,4000,930,0,31,0.2325,0.2196695380177674,0.24584376414222292
16,0.42,0.825,3000,962,0,31,0.32066666666666666,0.30420360036793187,0.33758841337488504
16,0.42,0.85,4000,1011,0,31,0.25275,0.2395237952266241,0.26645064948013336
16,0.425,0.875,3000,573,0,31,0.191,0.17733235582473614,0.20545797268751528
16,0.43,0.85,7000,1895,0,31,0.27071428571428574,0.2604332708656887,0.28124681728689216
16,0.445,0.825,3000,1044,0,31,0.348,0.3311590263099316,0.3652297437025674
16,0.45,0.8,3000,1129,0,31,0.37633333333333335,0.3591658041867039,0.3938171643980268
16,0.45,0.875,3000,648,0,31,0.216,0.20164255216456434,0.2310838339114208
16,0.45,0.9,3000,477,0,31,0.159,0.14635187765946336,0.17252029717120895
16,0.455,0.85,3000,844,0,31,0.2813333333333333,0.2655306216465346,0.29769532819600786
16,0.475,0.875,3000,687,0,31,0.229,0.21431618672275238,0.24437694928637432
16,0.48,0.85,3000,927,0,31,0.309,0.2927179730467492,0.32577054716632536
16,0.5,0.65,3000,1472,0,31,0.49066666666666664,0.4728012168210423,0.5085559883551638
16,0.5,0.8,3000,1292,0,31,0.43066666666666664,0.41304735578337987,0.4484633112398653
16,0.5,0.825,3000,1137,0,31,0.379,0.3618050288299461,0.3965044525615828
16,0.5,0.85,6000,1850,0,31,0.30833333333333335,0.2967739983399346,0.3201379378303822
16,0.5,0.8625,3000,855,0,31,0.285,0.26912958168839957,0.3014203232634905
16,0.5,0.875,6000,1525,0,31,0.25416666666666665,0.24330963211986606,0.2653382860116272
16,0.5,0.8875,3000,654,0,31,0.218,0.20359096800686388,0.23313030267421997
16,0.5,0.9,6000,1023,0,31,0.1705,0.1611957876957267,0.18022586257272236
16,0.5,0.925,3000,333,0,31,0.111,0.1002527848792385,0.1227421594290651
16,0.5,0.95,3000,141,0,31,0.047,0.03998876360822058,0.055169873336924746
16,0.5,1.0,3000,2,0,31,0.0006666666666666666,0.00018284308780954395,0.0024276338392159843
24,0.1,0.0,3000,2,0,47,0.0006666666666666666,0.00018284308780954395,0.0024276338392159843
24,0.14,0.0,3000,179,0,47,0.059666666666666666,0.0517404459622769,0.06871912681516018
24,0.145,0.0,3000,235,0,47,0.07833333333333334,0.06924864678390356,0.08849651564112133
24,0.15,0.0,7000,842,0,47,0.12028571428571429,0.11287283833950032,0.12811512073187659
24,0.15,0.5,3000,5,0,47,0.0016666666666666668,0.0007121039409388158,0.0038958152886360608
24,0.155,0.0,7000,1106,0,47,0.158,0.1496434228829742,0.16673173664180993
24,0.155,0.1,3000,308,0,47,0.10266666666666667,0.09230862374464574,0.11404096804241329
24,0.16,0.0,7000,1407,0,47,0.201,0.19177719341540764,0.21055079692935982
24,0.16,0.1,3000,406,0,47,0.13533333333333333,0.12355770619813657,0.14804166747220115
24,0.165,0.0,7000,1784,0,47,0.25485714285714284,0.24478488795197018,0.2651983091008825
24,0.165,0.1,3000,520,0,47,0.17333333333333334,0.1602078511620691,0.1872943300051439
24,0.165,0.2,3000,303,0,47,0.101,0.09072237153681008,0.11229814974600004
24,0.17,0.0,7000,2071,0,47,0.2958571428571429,0.2852791730448541,0.30665904874333155
24,0.17,0.1,3000,665,0,47,0.22166666666666668,0.2071643768367322,0.2368808489536993
24,0.17,0.2,3000,412,0,47,0.13733333333333334,0.12547949911041975,0.15011475916501668
24,0.175,0.0,3000,1040,0,47,0.3466666666666667,0.3298426663759352,0.3638828472331648
24,0.175,0.1,3000,795,0,47,0.265,0.24951515399004673,0.2810859049108565
24,0.175,0.2,3000,474,0,47,0.158,0.1453865345560283,0.17148819797209464
24,0.175,0.3,3000,268,0,47,0.08933333333333333,0.07964509853884702,0.1000719292142207
24,0.18,0.0,3000,1128,0,47,0.376,0.35883594031586763,0.3934812141680132
24,0.18,0.1,3000,898,0,47,0.29933333333333334,0.28321062438115924,0.3159692869072716
24,0.18,0.2,3000,632,0,47,0.21066666666666667,0.19644929412654577,0.22562406633584287
24,0.18,0.3,3000,382,0,47,0.12733333333333333,0.11587961022876217,0.13974022502118075
24,0.185,0.2,3000,725,0,47,0.24166666666666667,0.22668442887462292,0.2573096429667955
24,0.185,0.3,3000,479,0,47,0.15966666666666668,0.1469955410913387,0.1732082619410332
24,0.185,0.4,3000,233,0,47,0.07766666666666666,0.06862024174778868,0.08779329247553662
24,0.19,0.2,3000,909,0,47,0.303,0.28681585059119286,0.31968801580658557
24,0.19,0.3,3000,574,0,47,0.19133333333333333,0.17765591635433178,0.2058002262587694
24,0.19,0.4,3000,302,0,47,0.10066666666666667,0.0904052288845772,0.11194947829738314
24,0.195,0.3,3000,691,0,47,0.23033333333333333,0.21561721714337959,0.2457391752691462
24,0.195,0.4,3000,416,0,47,0.13866666666666666,0.12676118093844366,0.15149633374039187
24,0.2,0.3,3000,801,0,47,0.267,0.2514747751717834,0.2831211683342185
24,0.2,0.4,3000,489,0,47,0.163,0.15021505936457397,0.17664688467629575
24,0.2,0.5,3000,221,0,47,0.07366666666666667,0.06485422493460634,0.08356954007852159
24,0.205,0.4,3000,598,0,47,0.19933333333333333,0.18542618092246332,0.2140095001110327
24,0.205,0.5,3000,269,0,47,0.08966666666666667,0.07996090854689362,0.10042193330702388
24,0.21,0.4,3000,734,0,47,0.24466666666666667,0.22961645979168055,0.2603699389573859
24,0.21,0.5,7000,834,0,47,0.11914285714285715,0.11176193345841992,0.12694156499315676
24,0.215,0.5,7000,1065,0,47,0.15214285714285714,0.14392010955116286,0.16074718929714515
24,0.22,0.5,7000,1294,0,47,0.18485714285714286,0.17593728071879572,0.19412270337129361
24,0.22,0.6,3000,218,0,47,0.07266666666666667,0.0639139441388719,0.0825123785717067
24,0.225,0.5,7000,1516,0,47,0.21657142857142858,0.20707889849354427,0.2263748677960012
24,0.23,0.5,7000,1771,0,47,0.253,0.24295333710825615,0.26331761143742116
24,0.23,0.6,3000,373,0,47,0.12433333333333334,0.11300422874570978,0.13662327959658513
24,0.24,0.6,3000,505,0,47,0.16833333333333333,0.15537035766425142,0.18214461199021478
24,0.25,0.6,3000,613,0,47,0.20433333333333334,0.1902871695773539,0.21913572296888886
24,0.25,0.7,3000,215,0,47,0.07166666666666667,0.0629741711594646,0.08145470924856463
24,0.25,0.8,3000,38,0,47,0.012666666666666666,0.00924242683594685,0.01733735772167086
24,0.26,0.6,3000,785,0,47,0.26166666666666666,0.24625004298869202,0.2776928749037133
24,0.265,0.7,3000,389,0,47,0.12966666666666668,0.11811751784795636,0.1421630161079351
24,0.27,0.5,3000,1334,0,47,0.44466666666666665,0.42696662103447014,0.46250823822446596
24,0.28,0.7,3000,541,0,47,0.18033333333333335,0.166987216883172,0.19449706040188644
24,0.28,0.75,3000,293,0,47,0.09766666666666667,0.08755259790803623,0.10880978236627604
24,0.295,0.7,3000,710,0,47,0.23666666666666666,0.22179999184931518,0.25220686847935647
24,0.295,0.75,3000,496,0,47,0.16533333333333333,0.1524698946498182,0.17905274809699995
24,0.31,0.7,3000,954,0,47,0.318,0.3015772478057012,0.3348882531303174
24,0.31,0.75,3000,595,0,47,0.19833333333333333,0.18445439974566122,0.21298383898528542
24,0.315,0.8,3000,378,0,47,0.126,0.11460139177278211,0.1383551870737617
24,0.325,0.75,3000,822,0,47,0.274,0.2583366771536046,0.29024136247024274
24,0.335,0.8,7000,1340,0,47,0.19142857142857142,0.18238238290747205,0.20081324974646853
24,0.34,0.75,3000,973,0,47,0.3243333333333333,0.3078158537128565,0.34130011513930797
24,0.345,0.8,4000,861,0,47,0.21525,0.20278972822825922,0.2282566747252258
24,0.345,0.825,3000,423,0,47,0.141,0.12900504479605657,0.15391316858872744
24,0.35,0.9,3000,96,0,47,0.032,0.026276173957395833,0.038920828449509275
24,0.355,0.8,7000,1780,0,47,0.2542857142857143,0.24422130779631238,0.26461965894664025
24,0.355,0.825,4000,803,0,47,0.20075,0.18862644983424018,0.2134477769746462
24,0.365,0.8,4000,1135,0,47,0.28375,0.2699919361472248,0.2979230230755712
24,0.365,0.825,4000,841,0,47,0.21025,0.1979031032739531,0.2231528941124289
24,0.37,0.825,3000,669,0,47,0.223,0.20846421476246246,0.23824426743136812
24,0.375,0.8,7000,2133,0,47,0.3047142857142857,0.2940411308110824,0.31560166078055496
24,0.375,0.825,4000,1010,0,47,0.2525,0.239278438746142,0.2661964856822604
24,0.38,0.85,7000,1219,0,47,0.17414285714285715,0.1654383069730344,0.18320485880642784
24,0.385,0.825,4000,1041,0,47,0.26025,0.2468872021580303,0.27407285089938155
24,0.39,0.85,4000,784,0,47,0.196,0.1839921592577128,0.2085911822624257
24,0.395,0.8,3000,1043,0,47,0.3476666666666667,0.3308299225447216,0.36489303336692774
24,0.395,0.825,3000,869,0,47,0.2896666666666667,0.27371196096362943,0.3061593414001577
24,0.4,0.85,4000,847,0,47,0.21175,0.1993687941813195,0.22468432487519344
24,0.4,0.875,3000,438,0,47,0.146,0.13381717039352256,0.15908825450400818
24,0.4,0.9,3000,226,0,47,0.07533333333333334,0.0664224625339994,0.08533037298337744
24,0.405,0.85,3000,660,0,47,0.22,0.2055398908152632,0.23517626447091933
24,0.41,0.85,4000,950,0,47,0.2375,0.22456805268130173,0.2509356550457915
24,0.42,0.825,3000,986,0,47,0.32866666666666666,0.31208638788319343,0.3456851642800183
24,0.42,0.85,4000,1027,0,47,0.25675,0.24345029581049818,0.27051647334994167
24,0.425,0.875,3000,539,0,47,0.17966666666666667,0.16634122613369678,0.19381142294966203
24,0.43,0.85,7000,1869,0,47,0.267,0.25676634424921735,0.2774892468890127
24,0.445,0.825,3000,1124,0,47,0.37466666666666665,0.35751657216346144,0.3921373259170202
24,0.45,0.8,3000,1270,0,47,0.42333333333333334,0.4057620545457101,0.4411007022588399
24,0.45,0.875,3000,653,0,47,0.21766666666666667,0.20326619669139961,0.23278925988883448
24,0.45,0.9,3000,388,0,47,0.12933333333333333,0.11779773774509318,0.14181698210994845
24,0.455,0.85,3000,930,0,47,0.31,0.2937019781975718,0.326783984318052
24,0.475,0.875,3000,698,0,47,0.23266666666666666,0.21789453091846409,0.2481225602000102
24,0.48,0.85,3000,989,0,47,0.32966666666666666,0.31307212604253454,0.34669686842322645
24,0.5,0.65,3000,1482,0,47,0.494,0.47612846165409983,0.511886884530604
24,0.5,0.8,3000,1362,0,47,0.454,0.43625406368855696,0.4718635903941731
24,0.5,0.825,3000,1206,0,47,0.402,0.38459119403214403,0.41965946031801993
24,0.5,0.85,6000,2075,0,47,0.3458333333333333,0.3339003099209501,0.3579636387377829
24,0.5,0.8625,3000,916,0,47,0.30533333333333335,0.28911073002927573,0.32205383507445123
24,0.5,0.875,6000,1540,0,47,0.25666666666666665,0.24577259204280938,0.267872126921245
24,0.5,0.8875,3000,611,0,47,0.20366666666666666,0.18963883916717608,0.2184524251773671
24,0.5,0.9,6000,900,0,47,0.15,0.14118906930399186,0.15925881413745627
24,0.5,0.925,3000,221,0,47,0.07366666666666667,0.06485422493460634,0.08356954007852159
24,0.5,0.95,3000,73,0,47,0.024333333333333332,0.01939804205131041,0.03048523603604969
24,0.5,1.0,3000,0,0,47,0.0,0.0,0.0012788487253259629
32,0.1,0.0,3000,0,0,63,0.0,0.0,0.0012788487253259629
32,0.14,0.0,3000,120,0,63,0.04,0.0335559270537099,0.04762061377358999
32,0.145,0.0,3000,206,0,63,0.06866666666666667,0.06015799866455327,0.07827855483582792
32,0.15,0.0,7000,690,0,63,0.09857142857142857,0.091807076453216,0.10577613084195674
32,0.15,0.5,3000,0,0,63,0.0,0.0,0.0012788487253259629
32,0.155,0.0,7000,1009,0,63,0.14414285714285716,0.136109941021241,0.1525661334884655
32,0.155,0.1,3000,264,0,63,0.088,0.0783822865297667,0.09867148481990187
32,0.16,0.0,7000,1362,0,63,0.19457142857142856,0.18546629957024247,0.2040115997881487
32,0.16,0.1,3000,369,0,63,0.123,0.11172699363076054,0.13523725830813524
32,0.165,0.0,7000,1797,0,63,0.25671428571428573,0.24661668261033773,0.2670787629496904
32,0.165,0.1,3000,516,0,63,0.172,0.1589174451712877,0.18592147959252608
32,0.165,0.2,3000,257,0,63,0.08566666666666667,0.07617404747354878,0.09621902517017134
32,0.17,0.0,7000,2245,0,63,0.32071428571428573,0.30988104100529024,0.33174419926355014
32,0.17,0.1,3000,644,0,63,0.21466666666666667,0.20034389242236128,0.22971923725022475
32,0.17,0.2,3000,362,0,63,0.12066666666666667,0.10949291137574615,0.13281064185720115
32,0.175,0.0,3000,1125,0,63,0.375,0.3578464010926593,0.3924733110886722
32,0.175,0.1,3000,806,0,63,0.26866666666666666,0.253108107892979,0.28481690611727184
32,0.175,0.2,3000,524,0,63,0.17466666666666666,0.16149854939223787,0.1886668881783742
32,0.175,0.3,3000,247,0,63,0.08233333333333333,0.07302327237296811,0.09271165926225415
32,0.18,0.0,3000,1247,0,63,0.4156666666666667,0.39814986025625193,0.43339917222875307
32,0.18,0.1,3000,992,0,63,0.33066666666666666,0.31405795013023285,0.3477084866380775
32,0.18,0.2,3000,642,0,63,0.214,0.19969464837075346,0.229036853100133
32,0.18,0.3,3000,353,0,63,0.11766666666666667,0.10662258639702532,0.12968863992827392
32,0.185,0.2,3000,846,0,63,0.282,0.26618488030397697,0.29837269774026515
32,0.185,0.3,3000,475,0,63,0.15833333333333333,0.14570829524894569,0.17183225138002706
32,0.185,0.4,3000,168,0,63,0.056,0.04832599678282378,0.06480962088526569
32,0.19,0.2,3000,941,0,63,0.31366666666666665,0.29731076721902056,0.33049915040595085
32,0.19,0.3,3000,581,0,63,0.19366666666666665,0.17992129414656188,0.20819554717248778
32,0.19,0.4,3000,292,0,63,0.09733333333333333,0.08723582560137695,0.10846074057208553
32,0.195,0.3,3000,692,0,63,0.23066666666666666,0.21594250800086914,0.2460796985125064
32,0.195,0.4,3000,365,0,63,0.12166666666666667,0.11045020543707107,0.13385079009842557
32,0.2,0.3,3000,869,0,63,0.2896666666666667,0.27371196096362943,0.3061593414001577
32,0.2,0.4,3000,482,0,63,0.16066666666666668,0.1479611872582543,0.17424005807666693
32,0.2,0.5,3000,186,0,63,0.062,0.053918001831646106,0.07120226965173942
32,0.205,0.4,3000,612,0,63,0.204,0.1899629967994489,0.21879408164594405
32,0.205,0.5,3000,233,0,63,0.07766666666666666,0.06862024174778868,0.08779329247553662
32,0.21,0.4,3000,748,0,63,0.24933333333333332,0.23417940143373808,0.26512839472722527
32,0.21,0.5,7000,764,0,63,0.10914285714285714,0.10205141883850474,0.11666304918981998
32,0.215,0.5,7000,978,0,63,0.1397142857142857,0.1317901322693125,0.1480336573386681
32,0.22,0.5,7000,1251,0,63,0.17871428571428571,0.16991641348278516,0.187864594775878
32,0.22,0.6,3000,189,0,63,0.063,0.05485230532925785,0.07226540845667705
32,0.225,0.5,7000,1413,0,63,0.20185714285714285,0.1926189326997201,0.21142240310989743
32,0.23,0.5,7000,1771,0,63,0.253,0.24295333710825615,0.26331761143742116
32,0.23,0.6,3000,310,0,63,0.10333333333333333,0.09294337324704591,0.11473784674171267
32,0.24,0.6,3000,417,0,63,0.139,0.12708166153818165,0.1518416672415037
32,0.25,0.6,3000,662,0,63,0.22066666666666668,0.20618964354923927,0.23585813993864282
32,0.25,0.7,3000,156,0,63,0.052,0.044612373435453025,0.06053347502243903
32,0.25,0.8,3000,10,0,63,0.0033333333333333335,0.0018116337615376185,0.006125355972286172
32,0.26,0.6,3000,894,0,63,0.298,0.2818999421001036,0.3146167127849281
32,0.265,0.7,3000,368,0,63,0.12266666666666666,0.11140775443972471,0.13489068339832125
32,0.27,0.5,3000,1408,0,63,0.4693333333333333,0.45152567395319076,0.4872194287686292
32,0.28,0.7,3000,599,0,63,0.19966666666666666,0.18575013910630944,0.21435135602803634
32,0.28,0.75,3000,279,0,63,0.093,0.08312130491687247,0.10391967794554285
32,0.295,0.7,3000,773,0,63,0.25766666666666665,0.24233345239162768,0.2736196962905803
32,0.295,0.75,3000,437,0,63,0.14566666666666667,0.1334962021573793,0.15874340863930167
32,0.31,0.7,3000,1010,0,63,0.33666666666666667,0.3199746882275627,0.3537764023560438
32,0.31,0.75,3000,668,0,63,0.22266666666666668,0.20813923461090383,0.237903433482077
32,0.315,0.8,3000,299,0,63,0.09966666666666667,0.08945401935526073,0.11090324552415023
32,0.325,0.75,3000,784,0,63,0.2613333333333333,0.245923595872965,0.27735350791859054
32,0.335,0.8,7000,1272,0,63,0.18171428571428572,0.172856356276091,0.1909213611095477
32,0.34,0.75,3000,1022,0,63,0.3406666666666667,0.32392087456051233,0.3578199852332915
32,0.345,0.8,4000,893,0,63,0.22325,0.21061409092496863,0.23641696093588116
32,0.345,0.825,3000,450,0,63,0.15,0.1376705255739948,0.16322466853373332
32,0.35,0.9,3000,34,0,63,0.011333333333333334,0.008121612371847138,0.015794915782371438
32,0.355,0.8,7000,1761,0,63,0.25157142857142856,0.24154461886349346,0.2618707539074336
32,0.355,0.825,4000,660,0,63,0.165,0.15381964816459323,0.1768231788395068
32,0.365,0.8,4000,1184,0,63,0.296,0.2820546182949952,0.3103368345672031
32,0.365,0.825,4000,800,0,63,0.2,0.18789453745341367,0.21268112852040727
32,0.37,0.825,3000,702,0,63,0.234,0.21919614262289566,0.24948420489897777
32,0.375,0.8,7000,2249,0,63,0.3212857142857143,0.31044702811514674,0.33232044246359377
32,0.375,0.825,4000,943,0,63,0.23575,0.22285328439914764,0.2491537813794596
32,0.38,0.85,7000,1141,0,63,0.163,0.15453245728417525,0.17183721745223485
32,0.385,0.825,4000,1082,0,63,0.2705,0.25695882641918466,0.28448155805078845
32,0.39,0.85,4000,750,0,63,0.1875,0.1757062291969584,0.19989342285910502
32,0.395,0.8,3000,1089,0,63,0.363,0.34597810468760376,0.38037229986313553
32,0.395,0.825,3000,900,0,63,0.3,0.28386602751155393,0.31664551197857643
32,0.4,0.85,4000,890,0,63,0.2225,0.20988026168274046,0.2356522293430439
32,0.4,0.875,3000,349,0,63,0.11633333333333333,0.10534765079498533,0.12830031912691475
32,0.4,0.9,3000,180,0,63,0.06,0.05205130741718206,0.06907407946110479
32,0.405,0.85,3000,721,0,63,0.24033333333333334,0.22538163181398,0.2559491836240393
32,0.41,0.85,4000,973,0,63,0.24325,0.2302044424280183,0.25678823170124343
32,0.42,0.825,3000,1070,0,63,0.3566666666666667,0.3397189279450279,0.37398100868956563
32,0.42,0.85,4000,1054,0,63,0.2635,0.25007961967400405,0.2773741970020248
32,0.425,0.875,3000,524,0,63,0.17466666666666666,0.16149854939223787,0.1886668881783742
32,0.43,0.85,7000,2004,0,63,0.2862857142857143,0.2758160373731965,0.2969898267241623
32,0.445,0.825,3000,1216,0,63,0.4053333333333333,0.3878968898886563,0.4230119054700054
32,0.45,0.8,3000,1362,0,63,0.454,0.43625406368855696,0.4718635903941731
32,0.45,0.875,3000,595,0,63,0.19833333333333333,0.18445439974566122,0.21298383898528542
32,0.45,0.9,3000,309,0,63,0.103,0.09262598088993688,0.1143894249979719
32,0.455,0.85,3000,961,0,63,0.32033333333333336,0.3038752720707186,0.3372509275712485
32,0.475,0.875,3000,737,0,63,0.24566666666666667,0.23059402868213474,0.26138981236948106
32,0.48,0.85,3000,1023,0,63,0.341,0.32424978414501804,0.35815688974963567
32,0.5,0.65,3000,1505,0,63,0.5016666666666667,0.4837841372275601,0.5195449332766889
32,0.5,0.8,3000,1393,0,63,0.4643333333333333,0.44654394002175485,0.4822139511873184
32,0.5,0.825,3000,1318,0,63,0.43933333333333335,0.4216623543782661,0.4571594792670735
32,0.5,0.85,6000,2162,0,63,0.36033333333333334,0.3482783454600098,0.37256704802757756
32,0.5,0.8625,3000,986,0,63,0.32866666666666666,0.31208638788319343,0.3456851642800183
32,0.5,0.865,2000,583,0,63,0.2915,0.2719978646136677,0.3118015441026146
32,0.5,0.875,6000,1531,0,63,0.25516666666666665,0.2442947589380536,0.2663518795264641
32,0.5,0.88,2000,468,0,63,0.234,0.21596595290745405,0.25305391624617246
32,0.5,0.885,2000,423,0,63,0.2115,0.19416431340180168,0.22994182287948117
32,0.5,0.8875,3000,533,0,63,0.17766666666666667,0.16440367534908137,0.19175408912917877
32,0.5,0.89,2000,378,0,63,0.189,0.1724439847429343,0.206748418666005
32,0.5,0.9,6000,842,0,63,0.14033333333333334,0.1317746946001031,0.14935222562210887
32,0.5,0.925,3000,164,0,63,0.05466666666666667,0.047086765023045096,0.06338559624164523
32,0.5,0.95,3000,23,0,63,0.007666666666666666,0.005114186560027724,0.01147838648484324
32,0.5,1.0,3000,0,0,63,0.0,0.0,0.0012788487253259629
48,0.1,0.0,3000,0,0,95,0.0,0.0,0.0012788487253259629
48,0.14,0.0,3000,50,0,95,0.016666666666666666,0.012665148121147283,0.02190440564666782
48,0.15,0.0,4000,309,0,95,0.07725,0.0693757513026464,0.0859354579987962
48,0.15,0.5,3000,0,0,95,0.0,0.0,0.0012788487253259629
48,0.155,0.0,4000,537,0,95,0.13425,0.12403510843611158,0.1451667243303051
48,0.16,0.0,4000,854,0,95,0.2135,0.20107908916245587,0.2264706718425431
48,0.165,0.0,4000,1109,0,95,0.27725,0.2635964430251434,0.29133098896041865
48,0.17,0.0,4000,1405,0,95,0.35125,0.33660583081300555,0.3661796035656808
48,0.17,0.2,4000,395,0,95,0.09875,0.08988634641594449,0.10838360682404095
48,0.175,0.2,4000,641,0,95,0.16025,0.1492085401660036,0.17194340154934856
48,0.18,0.0,3000,1361,0,95,0.45366666666666666,0.4359222605844231,0.47152957939745704
48,0.18,0.2,4000,919,0,95,0.22975,0.21697644439278144,0.24304213470530225
48,0.185,0.2,4000,1121,0,95,0.28025,0.2665477611332373,0.2943739141925866
48,0.19,0.2,4000,1424,0,95,0.356,0.34130627207423836,0.37097004759319574
48,0.19,0.4,4000,248,0,95,0.062,0.05493865996420459,0.06990181235757392
48,0.195,0.4,4000,362,0,95,0.0905,0.0819976179189621,0.09978816613530342
48,0.2,0.4,4000,548,0,95,0.137,0.12669195410666645,0.14800460172165686
48,0.205,0.4,4000,833,0,95,0.20825,0.19594924898152732,0.2211105861780135
48,0.21,0.4,4000,1054,0,95,0.2635,0.25007961967400405,0.2773741970020248
48,0.21,0.5,4000,356,0,95,0.089,0.08056561670043581,0.09822304568369881
48,0.215,0.5,4000,523,0,95,0.13075,0.12065580575365376,0.1415527431157908
48,0.22,0.5,4000,674,0,95,0.1685,0.1572194952018548,0.1804166156992173
48,0.225,0.5,4000,854,0,95,0.2135,0.20107908916245587,0.2264706718425431
48,0.23,0.5,4000,1053,0,95,0.26325,0.24983401503027955,0.2771202813673941
48,0.23,0.6,4000,299,0,95,0.07475,0.06700178457513849,0.08331422194275263
48,0.24,0.6,4000,519,0,95,0.12975,0.1196907406018355,0.14051972715418848
48,0.25,0.6,4000,880,0,95,0.22,0.20743460196065172,0.23310268628158115
48,0.25,0.8,3000,2,0,95,0.0006666666666666666,0.00018284308780954395,0.0024276338392159843
48,0.26,0.6,4000,1195,0,95,0.29875,0.2847642603298605,0.31312191559424446
48,0.265,0.7,4000,361,0,95,0.09025,0.08175889956225241,0.09952736421365796
48,0.27,0.5,3000,1463,0,95,0.4876666666666667,0.4698073754140661,0.505557502854492
48,0.28,0.7,4000,695,0,95,0.17375,0.1623226368356135,0.1858033999109167
48,0.295,0.7,4000,1144,0,95,0.286,0.27220659541532066,0.3002040463126716
48,0.295,0.75,4000,527,0,95,0.13175,0.12162107246831293,0.14258555751455224
48,0.31,0.7,4000,1526,0,95,0.3815,0.3665670662939222,0.3966603217657372
48,0.31,0.75,4000,909,0,95,0.22725,0.2145288587960405,0.2404945175184917
48,0.325,0.75,4000,1217,0,95,0.30425,0.2901853695676294,0.3186902524802888
48,0.335,0.8,4000,682,0,95,0.1705,0.15916307829890328,0.18246919482901006
48,0.34,0.75,4000,1516,0,95,0.379,0.36408854823713926,0.39414363703896865
48,0.345,0.8,4000,935,0,95,0.23375,0.22089392849648035,0.24711697505528576
48,0.345,0.825,4000,517,0,95,0.12925,0.11920828422901025,0.14000314297030342
48,0.35,0.9,3000,12,0,95,0.004,0.0022896808121085216,0.006978937123414833
48,0.355,0.8,4000,1071,0,95,0.26775,0.25425575940815054,0.2816899019999159
48,0.355,0.825,4000,678,0,95,0.1695,0.15819121359306948,0.18144297842142326
48,0.365,0.8,4000,1252,0,95,0.313,0.29881479825002816,0.3275440335403203
48,0.365,0.825,4000,779,0,95,0.19475,0.1827730694053076,0.20731267072305518
48,0.375,0.8,4000,1384,0,95,0.346,0.3314124735875732,0.3608830349456549
48,0.375,0.825,4000,992,0,95,0.248,0.2348630356280436,0.26162052378996603
48,0.38,0.85,4000,583,0,95,0.14575,0.13515494492485586,0.15702482064589762
48,0.385,0.825,4000,1216,0,95,0.304,0.28993890311575804,0.318437198653805
48,0.39,0.85,4000,664,0,95,0.166,0.15479084619018088,0.17785006192733974
48,0.395,0.825,4000,1252,0,95,0.313,0.29881479825002816,0.3275440335403203
48,0.4,0.85,4000,858,0,95,0.2145,0.20205655526405944,0.22749128685436013
48,0.41,0.85,4000,1058,0,95,0.2645,0.25106209473051716,0.2783898030589323
48,0.42,0.85,4000,1110,0,95,0.2775,0.2638423566701595,0.29158459559375777
48,0.425,0.875,4000,591,0,95,0.14775,0.13709127081992606,0.15908465697766866
48,0.43,0.85,4000,1240,0,95,0.31,0.2958554609792897,0.32450912747079697
48,0.45,0.8,3000,1413,0,95,0.471,0.45318665118500195,0.48888752204106695
48,0.45,0.875,4000,849,0,95,0.21225,0.19985741459939654,0.2251947450138267
48,0.475,0.875,4000,987,0,95,0.24675,0.23363687830391544,0.26034907972231836
48,0.5,0.65,3000,1547,0,95,0.5156666666666667,0.4977749023984997,0.5335183603414402
48,0.5,0.8,3000,1494,0,95,0.498,0.4801222033251681,0.5158829120697332
48,0.5,0.825,3000,1435,0,95,0.47833333333333333,0.4604973186877813,0.49622476475698285
48,0.5,0.85,3000,1232,0,95,0.4106666666666667,0.3931877455697059,0.42837407540255235
48,0.5,0.8625,3000,1040,0,95,0.3466666666666667,0.3298426663759352,0.3638828472331648
48,0.5,0.865,2000,654,0,95,0.327,0.306789095701304,0.34787420265800945
48,0.5,0.875,7000,2020,0,95,0.2885714285714286,0.278075369598102,0.2992994157388573
48,0.5,0.88,2000,475,0,95,0.2375,0.21936405871751052,0.2566423911051472
48,0.5,0.885,2000,430,0,95,0.215,0.19755057667839035,0.23354214027192374
48,0.5,0.8875,3000,623,0,95,0.20766666666666667,0.19352972437282745,0.22255130918191313
48,0.5,0.89,2000,360,0,95,0.18,0.16378097147756693,0.19744593878243488
48,0.5,0.9,3000,392,0,95,0.13066666666666665,0.11907701446295671,0.14320096179548403
48,0.5,0.925,3000,88,0,95,0.029333333333333333,0.023871020606005804,0.03599946899410103
48,0.5,0.95,3000,5,0,95,0.0016666666666666668,0.0007121039409388158,0.0038958152886360608
48,0.5,1.0,3000,0,0,95,0.0,0.0,0.0012788487253259629
64,0.15,0.0,4000,263,0,127,0.06575,0.058478384193083266,0.07385489230402248
64,0.155,0.0,4000,537,0,127,0.13425,0.12403510843611158,0.1451667243303051
64,0.16,0.0,4000,820,0,127,0.205,0.19277522303655595,0.21779084850436795
64,0.165,0.0,4000,1243,0,127,0.31075,0.29659522954807277,0.3252679197370794
64,0.17,0.0,4000,1595,0,127,0.39875,0.3836802564619704,0.41401403080419424
64,0.21,0.5,4000,283,0,127,0.07075,0.06320900050621056,0.07911468155799814
64,0.215,0.5,4000,449,0,127,0.11225,0.1028369913910784,0.12240705688008512
64,0.22,0.5,4000,702,0,127,0.1755,0.16402456131666823,0.187598117378348
64,0.225,0.5,4000,898,0,127,0.2245,0.2118372733874039,0.23769137986522162
64,0.23,0.5,4000,1105,0,127,0.27625,0.2626128423751577,0.29031650849698376
64,0.335,0.8,4000,656,0,127,0.164,0.1528486012417054,0.17579614464897403
64,0.345,0.8,4000,870,0,127,0.2175,0.20498962201223098,0.23055246344645036
64,0.355,0.8,4000,1150,0,127,0.2875,0.27368327083070065,0.3017244925674225
64,0.365,0.8,4000,1317,0,127,0.32925,0.3148565397470519,0.3439711101363812
64,0.375,0.8,4000,1572,0,127,0.393,0.3779736586352543,0.4082316622287419
64,0.38,0.85,4000,569,0,127,0.14225,0.13176807445018648,0.15341840722359493
64,0.39,0.85,4000,702,0,127,0.1755,0.16402456131666823,0.187598117378348
64,0.4,0.85,4000,838,0,127,0.2095,0.19717035409850084,0.22238708245281572
64,0.41,0.85,4000,1089,0,127,0.27225,0.25867930775547127,0.2862577186629878
64,0.42,0.85,4000,1201,0,127,0.30025,0.28624250429956055,0.3146407932946753
64,0.43,0.85,4000,1291,0,127,0.32275,0.3084374381574026,0.3374026844887967
64,0.5,0.85,3000,1311,0,127,0.437,0.41934239050987676,0.4548187444295143
64,0.5,0.865,2000,706,0,127,0.353,0.3323553690771856,0.3742082428235027
64,0.5,0.875,3000,938,0,127,0.31266666666666665,0.29632643239652434,0.3294860429258978
64,0.5,0.88,2000,500,0,127,0.25,0.23151413442481875,0.2694443892158077
64,0.5,0.885,2000,436,0,127,0.218,0.20045462357218746,0.23662659109443912
64,0.5,0.89,2000,351,0,127,0.1755,0.1594552510656038,0.19278891261992928
64,0.5,0.9,3000,303,0,127,0.101,0.09072237153681008,0.11229814974600004
64,0.5,0.95,3000,4,0,127,0.0013333333333333333,0.0005186256496617009,0.0034234794790633924
64,0.5,1.0,3000,0,0,127,0.0,0.0,0.0012788487253259629
96,0.5,0.865,800,318,0,191,0.3975,0.36415566685285844,0.43182400276930527
96,0.5,0.875,800,262,0,191,0.3275,0.2958713566018553,0.360777355689103
96,0.5,0.88,800,214,0,191,0.2675,0.23799041853141137,0.29923175890422815
96,0.5,0.885,800,195,0,191,0.24375,0.21526906163329082,0.2746801124221182
96,0.5,0.89,800,140,0,191,0.175,0.15024035308572142,0.20286591644796803
96,0.5,0.9,800,80,0,191,0.1,0.0810848156503984,0.12273828531414246
128,0.5,0.875,500,174,0,255,0.348,0.30755030205694756,0.39076749744336436
128,0.5,0.88,500,153,0,255,0.306,0.26721346373113636,0.3477447803679459
128,0.5,0.885,500,92,0,255,0.184,0.1524894793781606,0.22032910379354043
128,0.5,0.9,500,33,0,255,0.066,0.04737852635977387,0.09123940116085351
